--Passenger
INSERT INTO Passenger(PgrID, PgrName, PgrEmail, PgrDOB, PgrGender, CabinNo)
Values(10001, 'Zacai Chong', 'zacai_omen@tp.com', '2004/03/02', 'Male', 00001)

INSERT INTO Passenger(PgrID, PgrName, PgrEmail, PgrDOB, PgrGender, CabinNo)
Values(10002, 'Wag Wei', 'seanwx@gmail.com', '2014/08/02', 'Female', 00017)

INSERT INTO Passenger(PgrID, PgrName, PgrEmail, PgrDOB, PgrGender, CabinNo)
Values(10003, 'Brandon', 'vtuberupload@gmail.com', '1989/06/30', 'Male', 00017)

INSERT INTO Passenger(PgrID, PgrName, PgrEmail, PgrDOB, PgrGender, CabinNo)
Values(10004, 'Keith', 'keif.tyy@hotmail.com', '1964/05/21', 'Male', 00026)

INSERT INTO Passenger(PgrID, PgrName, PgrEmail, PgrDOB, PgrGender, CabinNo)
Values(10005, 'Yi Qian', 'fluttershy@gmail.com', '2008/09/08', 'Female', 00123)

INSERT INTO Passenger(PgrID, PgrName, PgrEmail, PgrDOB, CabinNo)
Values(10006, 'Zong Hann', 'xerpery27@yahoo.com.sg', '1954/11/27', 00069)

INSERT INTO Passenger(PgrID, PgrName, PgrEmail, PgrDOB, PgrGender, CabinNo)
Values(10007, 'Wei Le', 'zplaya@gmail.com', '2019/05/30', 'Female', 00004)

INSERT INTO Passenger(PgrID, PgrName, PgrEmail, PgrDOB, CabinNo)
Values(10008, 'Jin Xin', 'kensir@hotmail.com', '2003/04/04', 00068)

INSERT INTO Passenger(PgrID, PgrName, PgrEmail, PgrDOB, PgrGender, CabinNo)
Values(10009, 'Chun Ren', 'crep@yahoo.com.sg', '2006/09/30', 'Male', 00120)

INSERT INTO Passenger(PgrID, PgrName, PgrEmail, PgrDOB, PgrGender, CabinNo)
Values(10010, 'Yu Bai', 'limfamily@seng.com', '1990/01/28', 'Male', 00008)

INSERT INTO Passenger(PgrID, PgrName, PgrEmail, PgrDOB, PgrGender, CabinNo)
Values(10011, 'Nicholas', 'nick@chess.com','1982/12/25', 'Male', 00002)

INSERT INTO Passenger(PgrID, PgrName, PgrEmail, PgrDOB, PgrGender, CabinNo)
Values(10012, 'Yong Qi', 'tang_family@hotmail.com', '1973/02/27', 'Female',	00013)

INSERT INTO Passenger(PgrID, PgrName, PgrEmail, PgrDOB, CabinNo)
Values(10013, 'Ashley', 'kitzl@yahoo.com.sg', '2000/05/22',	00004)

INSERT INTO Passenger(PgrID, PgrName, PgrEmail, PgrDOB, PgrGender, CabinNo)
Values(10014, 'Ernest',	'ernesttoh@gmail.com', '1963/03/12', 'Male', 00023)

INSERT INTO Passenger(PgrID, PgrName, PgrEmail, PgrDOB, PgrGender, CabinNo)
Values(10015, 'Qi Yuan', 'josephinewong@outlook.com', '2001/09/24', 'Female', 00011)

INSERT INTO Passenger(PgrID, PgrName, PgrEmail, PgrDOB, PgrGender, CabinNo)
Values(10016, 'Penney', 'penney@gmail.com', '2006/09/25', 'Female',	00019)

INSERT INTO Passenger(PgrID, PgrName, PgrEmail, PgrDOB, PgrGender, CabinNo)
Values(10017, 'Jade', 'kairoscleo@hisyam.com', '2004/01/22', 'Female', 00011)

INSERT INTO Passenger(PgrID, PgrName, PgrEmail, PgrDOB, CabinNo)
Values(10018, 'Musrin', 'binmusrin@outlook.com', '2000/03/26', 00012)

INSERT INTO Passenger(PgrID, PgrName, PgrEmail, PgrDOB, PgrGender, CabinNo)
Values(10019, 'Yaxin', 'cactusjack@4lyfe.com', '2008/08/08', 'Male', 00029)


--PgrContactNo
INSERT INTO PgrContactNo (PgrID,PgrContactNo)
VALUES (10001, '+65 9999 8888')

INSERT INTO PgrContactNo (PgrID,PgrContactNo)
 VALUES (10002, '+65 9651 0264')

INSERT INTO PgrContactNo (PgrID,PgrContactNo)
 VALUES (10003, '+65 8852 0156')

INSERT INTO PgrContactNo (PgrID,PgrContactNo)
 VALUES (10004, '+60 1-234-5689')

INSERT INTO PgrContactNo (PgrID,PgrContactNo)
 VALUES (10005, '+65 8452 7892')

INSERT INTO PgrContactNo (PgrID,PgrContactNo)
 VALUES (10006, '+65 9642 4520')

INSERT INTO PgrContactNo (PgrID,PgrContactNo)
 VALUES (10007, '+60 8-689-1025')

INSERT INTO PgrContactNo (PgrID,PgrContactNo)
 VALUES (10008, '+65 9017 3362')

INSERT INTO PgrContactNo (PgrID,PgrContactNo)
 VALUES (10009, '+65 8828 1223')

INSERT INTO PgrContactNo (PgrID,PgrContactNo)
 VALUES (10010, '+65 9631 2554')

INSERT INTO PgrContactNo (PgrID,PgrContactNo)
 VALUES (10010, '+65 8562 1456')

INSERT INTO PgrContactNo (PgrID,PgrContactNo)
 VALUES (10011, '+65 9653 1236')

INSERT INTO PgrContactNo (PgrID,PgrContactNo)
 VALUES (10012, '+65 8569 6632')

INSERT INTO PgrContactNo (PgrID,PgrContactNo)
 VALUES (10013, '+65 8888 5542')

INSERT INTO PgrContactNo (PgrID,PgrContactNo)
 VALUES (10014, '+65 8111 2223')

INSERT INTO PgrContactNo (PgrID,PgrContactNo)
 VALUES (10015, '+65 8223 4465')

INSERT INTO PgrContactNo (PgrID,PgrContactNo)
 VALUES (10016, '+65 9996 5521')

INSERT INTO PgrContactNo (PgrID,PgrContactNo)
 VALUES (10017, '+60 1-456-9998')

INSERT INTO PgrContactNo (PgrID,PgrContactNo)
 VALUES (10018, '+65 9966 3322')

INSERT INTO PgrContactNo (PgrID,PgrContactNo)
 VALUES (10019, '+65 8899 2200')


--Eatery
INSERT INTO Eatery(EatyID, EatyClHr, EatyOpHr, EatyCapacity, EatyLoc, EatyName)
Values(20001, '21:00:00', '08:00:00', 120, '#01-013', 'Kun Ya')

INSERT INTO Eatery(EatyID, EatyClHr, EatyOpHr, EatyCapacity, EatyLoc, EatyName)
Values(20002, '04:00:00', '20:00:00', 100, '#06-169', 'Wasted')

INSERT INTO Eatery(EatyID, EatyClHr, EatyOpHr, EatyCapacity, EatyLoc, EatyName)
Values(20003, '21:30:00', '11:00:00', 150, '#03-102', 'Short Sand')

INSERT INTO Eatery(EatyID, EatyClHr, EatyOpHr, EatyCapacity, EatyLoc, EatyName)
Values(20004, '22:00:00', '18:00:00', 50, '#05-020', 'Baguette Street')

INSERT INTO Eatery(EatyID, EatyClHr, EatyOpHr, EatyCapacity, EatyLoc, EatyName)
Values(20005, '21:00:00', '09:00:00', 100, '#04-006', 'Autmn Branch')

INSERT INTO Eatery(EatyID, EatyClHr, EatyOpHr, EatyCapacity, EatyLoc, EatyName)
Values(20006, '22:00:00', '11:00:00', 10, '#01-101', 'Li Cha')

INSERT INTO Eatery(EatyID, EatyClHr, EatyOpHr, EatyCapacity, EatyLoc, EatyName)
Values(20007, '21:30:00', '10:00:00', 90, '#04-441', 'Penyet Hut')

INSERT INTO Eatery(EatyID, EatyClHr, EatyOpHr, EatyCapacity, EatyLoc, EatyName)
Values(20008, '22:30:00', '11:30:00', 60, '#06-060', 'Bangkok Express')

INSERT INTO Eatery(EatyID, EatyClHr, EatyOpHr, EatyCapacity, EatyLoc, EatyName)
Values(20009, '22:00:00', '11:30:00', 100, '#02-113', 'Seoul Delicious')

INSERT INTO Eatery(EatyID, EatyClHr, EatyOpHr, EatyCapacity, EatyLoc, EatyName)
Values(20010, '20:30:00', '08:30:00', 100, '#02-114', 'Tokyo Drift')


--FoodCategory
INSERT INTO FoodCategory(FcID, FcDescr, FcName)
Values(30001, 'Food that excludes pork or lard and is permissible according to Islamic law', 'Halal')

INSERT INTO FoodCategory(FcID, FcDescr, FcName)
Values(30002, 'Food that excludes all meat and animal products', 'Vegan')

INSERT INTO FoodCategory(FcID, FcDescr, FcName)
Values(30003, 'Food that excludes meat, poultry, fish and seafood',	'Vegetarian')

INSERT INTO FoodCategory(FcID, FcDescr, FcName)
Values(30004, 'Food that complies with a strict set of dietary rules in Judaism', 'Kosher')

INSERT INTO FoodCategory(FcID, FcDescr, FcName)
Values(30005, 'Food that excludes all dairy products', 'Dairy-free')

INSERT INTO FoodCategory(FcID, FcDescr, FcName)
Values(30006, 'Food that is not in any food category', 'None')


--Cuisine
INSERT INTO Cuisine(cuisineID, cuisineName)
Values(40001, 'Chinese')

INSERT INTO Cuisine(cuisineID, cuisineName)
Values(40002, 'Western')

INSERT INTO Cuisine(cuisineID, cuisineName)
Values(40003, 'Indian')

INSERT INTO Cuisine(cuisineID, cuisineName)
Values(40004, 'Malay')

INSERT INTO Cuisine(cuisineID, cuisineName)
Values(40005, 'Thai')

INSERT INTO Cuisine(cuisineID, cuisineName)
Values(40006, 'Japanese')

INSERT INTO Cuisine(cuisineID, cuisineName)
Values(40007, 'Korean')

INSERT INTO Cuisine(cuisineID, cuisineName)
Values(40008, 'International')


--Ingredient
INSERT INTO Ingredient (IngredID,IngredName)
VALUES (50001, 'Peanut')

INSERT INTO Ingredient (IngredID,IngredName)
VALUES (50002, 'Egg')

INSERT INTO Ingredient (IngredID,IngredName)
VALUES (50003, 'Rice')

INSERT INTO Ingredient (IngredID,IngredName)
VALUES (50004, 'Chicken')

INSERT INTO Ingredient (IngredID,IngredName)
VALUES (50005, 'Pork')

INSERT INTO Ingredient (IngredID,IngredName)
VALUES (50006, 'Lamb')

INSERT INTO Ingredient (IngredID,IngredName)
VALUES (50007, 'Beef')

INSERT INTO Ingredient (IngredID,IngredName)
VALUES (50008, 'Milk')

INSERT INTO Ingredient (IngredID,IngredName)
VALUES (50009, 'Flour')

INSERT INTO Ingredient (IngredID,IngredName)
VALUES (50010, 'Mushroom')

INSERT INTO Ingredient (IngredID,IngredName)
VALUES (50011, 'Shrimp')

INSERT INTO Ingredient (IngredID,IngredName)
VALUES (50012, 'Milk')

INSERT INTO Ingredient (IngredID,IngredName)
VALUES (50013, 'Chilli')

INSERT INTO Ingredient (IngredID,IngredName)
VALUES (50014, 'Cucumber')

INSERT INTO Ingredient (IngredID,IngredName)
VALUES (50015, 'Tofu')

INSERT INTO Ingredient (IngredID,IngredName)
VALUES (50016, 'Tempeh')

INSERT INTO Ingredient (IngredID,IngredName)
VALUES (50017, 'Saffron')

INSERT INTO Ingredient (IngredID,IngredName)
VALUES (50018, 'Yoghurt')

INSERT INTO Ingredient (IngredID,IngredName)
VALUES (50019, 'Bean sprout')

INSERT INTO Ingredient (IngredID,IngredName)
VALUES (50020, 'Stingray')

INSERT INTO Ingredient (IngredID,IngredName)
VALUES (50021, 'Pineapple')

INSERT INTO Ingredient (IngredID,IngredName)
VALUES (50022, 'Mango')

INSERT INTO Ingredient (IngredID,IngredName)
VALUES (50023, 'Coconut')

INSERT INTO Ingredient (IngredID,IngredName)
VALUES (50024, 'Noodle')

INSERT INTO Ingredient (IngredID,IngredName)
VALUES (50025, 'Buns')

INSERT INTO Ingredient (IngredID,IngredName)
VALUES (50026, 'Ginseng')

INSERT INTO Ingredient (IngredID,IngredName)
VALUES (50027, 'Bread')

INSERT INTO Ingredient (IngredID,IngredName)
VALUES (50028, 'Gin')

INSERT INTO Ingredient (IngredID,IngredName)
VALUES (50029, 'Lime')

INSERT INTO Ingredient (IngredID,IngredName)
VALUES (50030, 'Black bean')

INSERT INTO Ingredient (IngredID,IngredName)
VALUES (50031, 'Salmon')


--Dish
INSERT INTO Dish (DishID,DishName,DishDescr,cuisineID,EatyID)
VALUES (60001, 'Ayam Penyet', 'Smahed fried chicken served with sambal, slices of cucumbers, fried tofu and tempeh.', 40004, 20007)

INSERT INTO Dish (DishID,DishName,DishDescr,cuisineID,EatyID)
VALUES (60002, 'Nasi Briyani', 'Flavoured basmati rice with fragrant spices such as saffron and layered with lamb and a thick gravy.', 40004, 20007)

INSERT INTO Dish (DishID,DishName,DishDescr,cuisineID,EatyID)
VALUES (60003, 'Mee Goreng', 'Noodles with sticky, savoury sweet sauce tossed with chicken, prawns and vegetable.', 40004, 20007)

INSERT INTO Dish (DishID,DishName,DishDescr,cuisineID,EatyID)
VALUES (60004, 'Sambal Stingray', 'Barbercued stingray served with sambal paste atop.', 40004, 20007)

INSERT INTO Dish (DishID,DishName,DishDescr,cuisineID,EatyID)
VALUES (60005, 'Pineapple Fried Rice', 'Fried rice with juicy pineapples.', 40005, 20008)

INSERT INTO Dish (DishID,DishName,DishDescr,cuisineID,EatyID)
VALUES (60006, 'Mango Sticky Rice', 'Sticky glutinous rice drizzled with coconut milk, served with soft mango.', 40005, 20008)

INSERT INTO Dish (DishID,DishName,DishDescr,cuisineID,EatyID)
VALUES (60007, 'Pad Thai', 'Stir-fried rice noodle with shrimp, chicken, peanuts,  scrambled egg and bean sprouts.', 40005, 20008)

INSERT INTO Dish (DishID,DishName,DishDescr,cuisineID,EatyID)
VALUES (60008, 'Xiao Long Bao', 'Small chinese steamed buns with tasty soup.', 40001, 20003)

INSERT INTO Dish (DishID,DishName,DishDescr,cuisineID,EatyID)
VALUES (60009, 'Braised Pork Belly Bun', 'Juicy braised pork belly sandwiched between soft steamed buns.', 40001, 20003)

INSERT INTO Dish (DishID,DishName,DishDescr,cuisineID,EatyID)
VALUES (60010, 'Samyetang', 'Rich ginseng chicken soup', 40007, 20009)

INSERT INTO Dish (DishID,DishName,DishDescr,cuisineID,EatyID)
VALUES (60011, 'Donkatsu', 'Breaded deep fried pork serve with rice', 40006, 20010)

INSERT INTO Dish (DishID,DishName,DishDescr,cuisineID,EatyID)
VALUES (60012, 'Kaya Toast', 'Toasted bread spreaded with coconut egg jam(kaya)', 40001, 20001)

INSERT INTO Dish (DishID,DishName,DishDescr,cuisineID,EatyID)
VALUES (60013, 'Singapore Sling', 'Gin-based sling cocktail from Singapore', 40008, 20002)

INSERT INTO Dish (DishID,DishName,DishDescr,cuisineID,EatyID)
VALUES (60014, 'Beef Wellington', 'Thick, juicy beef tenderloin wrapped in a pastry shell', 40002, 20004)

INSERT INTO Dish (DishID,DishName,DishDescr,cuisineID,EatyID)
VALUES (60015, 'Prata', 'Fried spread dough served with chicken curry', 40003, 20005)

INSERT INTO Dish (DishID,DishName,DishDescr,cuisineID,EatyID)
VALUES (60016, 'Bubble Tea', 'Taiwanese recipe made by blending a tea base with milk then adding the signature tapioca pearls', 40008, 20006)

INSERT INTO Dish (DishID,DishName,DishDescr,cuisineID,EatyID)
VALUES (60017, 'Sashimi', 'Assorted fresh raw fish that is thinly sliced', 40006, 20010)

INSERT INTO Dish (DishID,DishName,DishDescr,cuisineID,EatyID)
VALUES (60018, 'Jajangmyeon', 'Noodles with black bean sauce', 40007, 20009)


--CSDish
INSERT INTO CSDish(DishID, Price)
Values(60001, '5.00')

INSERT INTO CSDish(DishID, Price)
Values(60002, '4.50')

INSERT INTO CSDish(DishID, Price)
Values(60003, '4.00')

INSERT INTO CSDish(DishID, Price)
Values(60004, '12.00')

INSERT INTO CSDish(DishID, Price)
Values(60005, '5.50')

INSERT INTO CSDish(DishID, Price)
Values(60006, '6.00')

INSERT INTO CSDish(DishID, Price)
Values(60007, '7.00')

INSERT INTO CSDish(DishID, Price)
Values(60009, '15.00')

INSERT INTO CSDish(DishID, Price)
Values(60010, '35.00')

INSERT INTO CSDish(DishID, Price)
Values(60011, '10.00')

INSERT INTO CSDish(DishID, Price)
Values(60012, '3.00')

INSERT INTO CSDish(DishID, Price)
Values(60013, '25.00')

INSERT INTO CSDish(DishID, Price)
Values(60014, '24.90')

INSERT INTO CSDish(DishID, Price)
Values(60015, '2.00')

INSERT INTO CSDish(DishID, Price)
Values(60017, '18.00')

INSERT INTO CSDish(DishID, Price)
Values(60018, '12.00')


--orders
INSERT INTO orders(DishID, PgrID, OrderPrice, OrderQty, OrderDateTime, DeliverTo)
Values(60014, 10003, '49.80', 2, '2022/11/11 01:23:44', 00017)

INSERT INTO orders(DishID, PgrID, OrderPrice, OrderQty, OrderDateTime, DeliverTo, DelDateTime)
Values(60003, 10005, '4.00', 1, '2022/11/13 13:24:22', 00123, '2022/11/13 14:00:00')

INSERT INTO orders(DishID, PgrID, OrderPrice, OrderQty, OrderDateTime, DeliverTo, DelDateTime)
Values(60013, 10010, '25.00', 1, '2022/11/12 12:06:54', 00008, '2022/11/12 12:15:02')

INSERT INTO orders(DishID, PgrID, OrderPrice, OrderQty, OrderDateTime, DeliverTo, DelDateTime)
Values(60015, 10006, '2.00', 3, '2022/11/15 09:20:21', 00069, '2022/11/15 09:30:03')

INSERT INTO orders(DishID, PgrID, OrderPrice, OrderQty, OrderDateTime, DeliverTo, DelDateTime)
Values(60017, 10006, '18.00', 1, '2022/11/15 19:46:32', 00069, '2022/11/15 20:01:21')

INSERT INTO orders(DishID, PgrID, OrderPrice, OrderQty, OrderDateTime, DeliverTo, DelDateTime)
Values(60018, 10006, '12.00', 2, '2022/11/15 19:48:38', 000769, '2022/11/15 20:01:21')


--EventType
INSERT INTO EventType(ETID, ETName)
Values(70001, 'Competition')
 
INSERT INTO EventType(ETID, ETName)
Values(70002, 'Screening')

INSERT INTO EventType(ETID, ETName)
Values(70003, 'Musical')

INSERT INTO EventType(ETID, ETName)
Values(70004, 'Classes')

INSERT INTO EventType(ETID, ETName)
Values(70005, 'Stand-up')

INSERT INTO EventType(ETID, ETName)
Values(70006, 'Fun & Games')


--Event
INSERT INTO Event (EventID,EventName,EventDescr,EventLoc,MinAge,EventCapacity,EventDuration,AdultPrice,ChildPrice,ETID)
VALUES (80001, 'Artary', 'Art classes for both young and old.', '#06-321', 4, 20, 90, '20.00', '15.00', 70004)

INSERT INTO Event (EventID,EventName,EventDescr,EventLoc,MinAge,MaxAge,EventCapacity,EventDuration,ChildPrice,ETID)
VALUES (80002, 'Science Fest', 'Explore the wonders of Science through entertaining experiments.', '#02-221', 7, 16, 20, 90, '20.00', 70004)

INSERT INTO Event (EventID,EventName,EventDescr,EventLoc,MinAge,EventCapacity,EventDuration,AdultPrice,ChildPrice,ETID)
VALUES (80003, 'Story Time', 'Sit back and relax while listening to stories.', '#05-224', 2, 30, 30, '5.00', '5.00', 70005)

INSERT INTO Event (EventID,EventName,EventDescr,EventLoc,EventCapacity,EventDuration,AdultPrice,ChildPrice,ETID)
VALUES (80004, 'Paladdins', 'A musical where paladdins travel the world and explore the various countries.', '#07-632', 100, 128, '12.00', '7.00', 70003)

INSERT INTO Event (EventID,EventName,EventDescr,EventLoc,MinAge,EventCapacity,AdultPrice,ETID)
VALUES (80005, 'Poker Face', 'An amateur competition for people that love to play poker.', '#06-252', 21, 30, '100.00', 70001)

INSERT INTO Event (EventID,EventName,EventDescr,EventLoc,EventCapacity,EventDuration,ETID)
VALUES (80006, 'Jus for Gags', 'Comedy show where everyone can have a blast.', '#01-553', 50, 60, 70005)

INSERT INTO Event (EventID,EventName,EventDescr,EventLoc,MinAge,EventCapacity,EventDuration,AdultPrice,ChildPrice,ETID)
VALUES (80007, 'Bakery Bussin', 'Baking class for everyone to learn how to bake.', '#03-111', 7, 20, 90, '30.00', '25.00', 70004)

INSERT INTO Event (EventID,EventName,EventDescr,EventLoc,EventCapacity,EventDuration,ETID)
VALUES (80008, 'Movie-Rama', 'Movie Screening', '#01-553', 50, 150, 70002)

INSERT INTO Event (EventID,EventName,EventDescr,EventLoc,MinAge,EventCapacity,EventDuration,AdultPrice,ETID)
VALUES (80009, 'Brewmasters', 'Alcohol tasting and mixing', '#03-223', 18, 15, 60, '35.00', 70004)

INSERT INTO Event (EventID,EventName,EventDescr,EventLoc,MinAge,MaxAge,EventCapacity,EventDuration,ChildPrice,ETID)
VALUES (80010, 'Playground Paradise', 'Interactive playground session filled with age-appropriate activities and toys.', '#04-229', 2, 6, 30, 45,'8.00', 70006)


--EventSession
INSERT INTO EventSession (SessionNo,EventID,EventDateTime)
VALUES (90001,80001,'2022/11/11 16:00:00')

INSERT INTO EventSession (SessionNo,EventID,EventDateTime)
VALUES (90002,80001,'2022/11/12 10:00:00')

INSERT INTO EventSession (SessionNo,EventID,EventDateTime)
VALUES (90003,80001,'2022/11/12 16:00:00')

INSERT INTO EventSession (SessionNo,EventID,EventDateTime)
VALUES (90004,80001,'2022/11/13 10:00:00')

INSERT INTO EventSession (SessionNo,EventID,EventDateTime)
VALUES (90005,80001,'2022/11/13 16:00:00')

INSERT INTO EventSession (SessionNo,EventID,EventDateTime)
VALUES (90006,80001,'2022/11/14 10:00:00')

INSERT INTO EventSession (SessionNo,EventID,EventDateTime)
VALUES (90007,80001,'2022/11/14 16:00:00')

INSERT INTO EventSession (SessionNo,EventID,EventDateTime)
VALUES (90008,80001,'2022/11/15 10:00:00')

INSERT INTO EventSession (SessionNo,EventID,EventDateTime)
VALUES (90009,80002,'2022/11/11 15:00:00')

INSERT INTO EventSession (SessionNo,EventID,EventDateTime)
VALUES (90010,80002,'2022/11/13 11:00:00')

INSERT INTO EventSession (SessionNo,EventID,EventDateTime)
VALUES (90011,80002,'2022/11/15 10:30:00')

INSERT INTO EventSession (SessionNo,EventID,EventDateTime)
VALUES (90012,80003,'2022/11/11 13:00:00')

INSERT INTO EventSession (SessionNo,EventID,EventDateTime)
VALUES (90013,80003,'2022/11/11 16:00:00')

INSERT INTO EventSession (SessionNo,EventID,EventDateTime)
VALUES (90014,80003,'2022/11/12 10:00:00')

INSERT INTO EventSession (SessionNo,EventID,EventDateTime)
VALUES (90015,80003,'2022/11/12 14:00:00')

INSERT INTO EventSession (SessionNo,EventID,EventDateTime)
VALUES (90016,80003,'2022/11/12 17:00:00')

INSERT INTO EventSession (SessionNo,EventID,EventDateTime)
VALUES (90017,80003,'2022/11/14 10:00:00')

INSERT INTO EventSession (SessionNo,EventID,EventDateTime)
VALUES (90018,80003,'2022/11/14 14:00:00')

INSERT INTO EventSession (SessionNo,EventID,EventDateTime)
VALUES (90019,80003,'2022/11/14 17:00:00')

INSERT INTO EventSession (SessionNo,EventID,EventDateTime)
VALUES (90020,80003,'2022/11/15 09:30:00')

INSERT INTO EventSession (SessionNo,EventID,EventDateTime)
VALUES (90021,80004,'2022/11/12 21:00:00')

INSERT INTO EventSession (SessionNo,EventID,EventDateTime)
VALUES (90022,80004,'2022/11/12 20:45:00')

INSERT INTO EventSession (SessionNo,EventID,EventDateTime)
VALUES (90023,80005,'2022/11/13 22:00:00')

INSERT INTO EventSession (SessionNo,EventID,EventDateTime)
VALUES (90024,80006,'2022/11/12 20:30:00')

INSERT INTO EventSession (SessionNo,EventID,EventDateTime)
VALUES (90025,80006,'2022/11/13 20:30:00')

INSERT INTO EventSession (SessionNo,EventID,EventDateTime)
VALUES (90026,80007,'2022/11/12 11:30:00')

INSERT INTO EventSession (SessionNo,EventID,EventDateTime)
VALUES (90027,80007,'2022/11/12 17:00:00')

INSERT INTO EventSession (SessionNo,EventID,EventDateTime)
VALUES (90028,80007,'2022/11/14 11:30:00')

INSERT INTO EventSession (SessionNo,EventID,EventDateTime)
VALUES (90029,80007,'2022/11/14 17:00:00')

INSERT INTO EventSession (SessionNo,EventID,EventDateTime)
VALUES (90030,80008,'2022/11/11 20:30:00')

INSERT INTO EventSession (SessionNo,EventID,EventDateTime)
VALUES (90031,80008,'2022/11/14 20:30:00')

INSERT INTO EventSession (SessionNo,EventID,EventDateTime)
VALUES (90032,80009,'2022/11/12 21:30:00')

INSERT INTO EventSession (SessionNo,EventID,EventDateTime)
VALUES (90033,80009,'2022/11/13 21:30:00')

INSERT INTO EventSession (SessionNo,EventID,EventDateTime)
VALUES (90034,80009,'2022/11/14 21:30:00')

INSERT INTO EventSession (SessionNo,EventID,EventDateTime)
VALUES (90035,80010,'2022/11/11 13:00:00')

INSERT INTO EventSession (SessionNo,EventID,EventDateTime)
VALUES (90036,80010,'2022/11/11 14:00:00')

INSERT INTO EventSession (SessionNo,EventID,EventDateTime)
VALUES (90037,80010,'2022/11/11 15:00:00')

INSERT INTO EventSession (SessionNo,EventID,EventDateTime)
VALUES (90038,80010,'2022/11/11 16:00:00')

INSERT INTO EventSession (SessionNo,EventID,EventDateTime)
VALUES (90039,80010,'2022/11/11 17:00:00')

INSERT INTO EventSession (SessionNo,EventID,EventDateTime)
VALUES (90040,80010,'2022/11/12 10:00:00')

INSERT INTO EventSession (SessionNo,EventID,EventDateTime)
VALUES (90041,80010,'2022/11/12 11:00:00')

INSERT INTO EventSession (SessionNo,EventID,EventDateTime)
VALUES (90042,80010,'2022/11/12 12:00:00')

INSERT INTO EventSession (SessionNo,EventID,EventDateTime)
VALUES (90043,80010,'2022/11/12 13:00:00')

INSERT INTO EventSession (SessionNo,EventID,EventDateTime)
VALUES (90044,80010,'2022/11/12 14:00:00')

INSERT INTO EventSession (SessionNo,EventID,EventDateTime)
VALUES (90045,80010,'2022/11/12 15:00:00')

INSERT INTO EventSession (SessionNo,EventID,EventDateTime)
VALUES (90046,80010,'2022/11/12 16:00:00')

INSERT INTO EventSession (SessionNo,EventID,EventDateTime)
VALUES (90047,80010,'2022/11/12 17:00:00')

INSERT INTO EventSession (SessionNo,EventID,EventDateTime)
VALUES (90048,80010,'2022/11/13 10:00:00')

INSERT INTO EventSession (SessionNo,EventID,EventDateTime)
VALUES (90049,80010,'2022/11/13 11:00:00')

INSERT INTO EventSession (SessionNo,EventID,EventDateTime)
VALUES (90050,80010,'2022/11/13 12:00:00')

INSERT INTO EventSession (SessionNo,EventID,EventDateTime)
VALUES (90051,80010,'2022/11/13 13:00:00')

INSERT INTO EventSession (SessionNo,EventID,EventDateTime)
VALUES (90052,80010,'2022/11/13 14:00:00')

INSERT INTO EventSession (SessionNo,EventID,EventDateTime)
VALUES (90053,80010,'2022/11/13 15:00:00')

INSERT INTO EventSession (SessionNo,EventID,EventDateTime)
VALUES (90054,80010,'2022/11/13 16:00:00')

INSERT INTO EventSession (SessionNo,EventID,EventDateTime)
VALUES (90055,80010,'2022/11/13 17:00:00')

INSERT INTO EventSession (SessionNo,EventID,EventDateTime)
VALUES (90056,80010,'2022/11/14 10:00:00')

INSERT INTO EventSession (SessionNo,EventID,EventDateTime)
VALUES (90057,80010,'2022/11/14 11:00:00')

INSERT INTO EventSession (SessionNo,EventID,EventDateTime)
VALUES (90058,80010,'2022/11/14 12:00:00')

INSERT INTO EventSession (SessionNo,EventID,EventDateTime)
VALUES (90059,80010,'2022/11/14 13:00:00')

INSERT INTO EventSession (SessionNo,EventID,EventDateTime)
VALUES (90060,80010,'2022/11/14 14:00:00')
INSERT INTO EventSession (SessionNo,EventID,EventDateTime)
VALUES (90061,80010,'2022/11/14 15:00:00')

INSERT INTO EventSession (SessionNo,EventID,EventDateTime)
VALUES (90062,80010,'2022/11/14 16:00:00')

INSERT INTO EventSession (SessionNo,EventID,EventDateTime)
VALUES (90063,80010,'2022/11/14 17:00:00')

INSERT INTO EventSession (SessionNo,EventID,EventDateTime)
VALUES (90064,80010,'2022/11/15 10:00:00')

INSERT INTO EventSession (SessionNo,EventID,EventDateTime)
VALUES (90065,80010,'2022/11/15 11:00:00')


--Booking
INSERT INTO Booking (BookingID,NoOfAdultTicket,NoOfChildTicket,AdultSalesPrice,ChildSalesPrice,BookStatus,BookDateTime,PgrID,EventID,SessionNo)
VALUES (11001,1,1,'20.00','15.00','Confirmed','2022/11/13 11:24:26',10004,80001,90005)

INSERT INTO Booking (BookingID,NoOfAdultTicket,AdultSalesPrice,BookStatus,BookDateTime,PgrID,EventID,SessionNo)
VALUES (11002,2,'15.00','Confirmed','2022/11/14 21:08:36',10003,80009,90034)

INSERT INTO Booking (BookingID,NoOfChildTicket,ChildSalesPrice,BookStatus,BookDateTime,PgrID,EventID,SessionNo)
VALUES (11003,3,'8.00','Confirmed','2022/11/12 16:22:20',10014,80010,90050)

INSERT INTO Booking (BookingID,NoOfAdultTicket,NoOfChildTicket,AdultSalesPrice,ChildSalesPrice,BookStatus,BookDateTime,PgrID,EventID,SessionNo)
VALUES (11004,1,2,'20.00','15.00','Confirmed','2022/11/13 11:02:20',10012,80001,90005)

INSERT INTO Booking (BookingID,NoOfAdultTicket,AdultSalesPrice,BookStatus,BookDateTime,PgrID,EventID,SessionNo)
VALUES (11005,1,'100.00','Confirmed','2022/11/13 02:31:25',10018,80005,90023)

INSERT INTO Booking (BookingID,NoOfChildTicket,ChildSalesPrice,BookStatus,BookDateTime,PgrID,EventID,SessionNo)
VALUES (11006,2,'20.00','Confirmed','2022/11/13 09:44:23',10014,80002,90010)

INSERT INTO Booking (BookingID,NoOfAdultTicket,AdultSalesPrice,BookStatus,BookDateTime,PgrID,EventID,SessionNo)
VALUES (11007,1,'30.00','Confirmed','2022/11/13 22:53:00',10015,80007,90029)

INSERT INTO Booking (BookingID,NoOfChildTicket,ChildSalesPrice,BookStatus,BookDateTime,PgrID,EventID,SessionNo)
VALUES (11008,5,'3.00','Confirmed','2022/11/13 20:11:31',10008,80003,90019)

INSERT INTO Booking (BookingID,NoOfAdultTicket,AdultSalesPrice,BookStatus,BookDateTime,PgrID,EventID,SessionNo)
VALUES (11009,1,'35.00','Confirmed','2022/11/12 09:32:22',10012,80009,90032)

INSERT INTO Booking (BookingID,NoOfAdultTicket,NoOfChildTicket,AdultSalesPrice,ChildSalesPrice,BookStatus,BookDateTime,PgrID,EventID,SessionNo)
VALUES (11010,2,2,'12.00','5.00','Confirmed','2022/11/12 18:44:33',10006,80004,90022)

INSERT INTO Booking (BookingID,NoOfAdultTicket,BookStatus,BookDateTime,PgrID,EventID,SessionNo)
VALUES (11011,1,'Confirmed','2022/11/12 23:59:59',10017,80006,90025)

INSERT INTO Booking (BookingID,NoOfAdultTicket,NoOfChildTicket,BookStatus,BookDateTime,PgrID,EventID,SessionNo)
VALUES (11012,5,3,'Confirmed','2022/11/14 08:31:00',10016,80008,90031)

INSERT INTO Booking (BookingID,NoOfAdultTicket,AdultSalesPrice,BookStatus,BookDateTime,PgrID,EventID,SessionNo)
VALUES (11013,1,'35.00','Confirmed','2022/11/12 08:51:12',10011,80009,90032)

INSERT INTO Booking (BookingID,NoOfChildTicket,ChildSalesPrice,BookStatus,BookDateTime,PgrID,EventID,SessionNo)
VALUES (11014,1,'8.00','Confirmed','2022/11/14 21:44:19',10008,80010,90065)

INSERT INTO Booking (BookingID,NoOfAdultTicket,AdultSalesPrice,BookStatus,BookDateTime,PgrID,EventID,SessionNo)
VALUES (11015,4,'100.00','Confirmed','2022/11/13 01:56:28',10004,80005,90023)


--Reservation
INSERT INTO Reservation (ReservID,ReservStatus,RequiredDateTime,ReservDateTime,NoOfPax,PgrID,EatyID)
VALUES (21001,'Confirmed','2022/11/12 02:00:00','2022/11/11 20:59:30',2,10005, 20002)

INSERT INTO Reservation (ReservID,ReservStatus,RequiredDateTime,ReservDateTime,NoOfPax,PgrID,EatyID)
VALUES (21002,'Confirmed','2022/11/11 19:30:00','2022/11/11 14:27:12',4,10018, 20010)

INSERT INTO Reservation (ReservID,ReservStatus,RequiredDateTime,ReservDateTime,NoOfPax,PgrID,EatyID)
VALUES (21003,'Confirmed','2022/11/12 23:00:00','2022/11/12 04:30:33',1,10003, 20002)

INSERT INTO Reservation (ReservID,ReservStatus,RequiredDateTime,ReservDateTime,NoOfPax,PgrID,EatyID)
VALUES (21004,'Confirmed','2022/11/12 08:00:00','2022/11/11 21:16:31',1,10009, 20001)

INSERT INTO Reservation (ReservID,ReservStatus,RequiredDateTime,ReservDateTime,NoOfPax,PgrID,EatyID)
VALUES (21005,'Confirmed','2022/11/13 11:30:00','2022/11/13 09:15:00',2,10016, 20005)

INSERT INTO Reservation (ReservID,ReservStatus,RequiredDateTime,ReservDateTime,NoOfPax,PgrID,EatyID)
VALUES (21006,'Confirmed','2022/11/15 19:00:00','2022/11/14 19:09:47',5,10013, 20003)

INSERT INTO Reservation (ReservID,ReservStatus,RequiredDateTime,ReservDateTime,NoOfPax,PgrID,EatyID)
VALUES (21007,'Confirmed','2022/11/14 14:00:00','2022/11/13 21:44:21',3,10001, 20009)

INSERT INTO Reservation (ReservID,ReservStatus,RequiredDateTime,ReservDateTime,NoOfPax,PgrID,EatyID)
VALUES (21008,'Confirmed','2022/11/14 13:00:00','2022/11/13 16:09:22',4,10010, 20004)

INSERT INTO Reservation (ReservID,ReservStatus,RequiredDateTime,ReservDateTime,NoOfPax,PgrID,EatyID)
VALUES (21009,'Confirmed','2022/11/15 09:00:00','2022/11/15 06:27:11',4,10017, 20005)

INSERT INTO Reservation (ReservID,ReservStatus,RequiredDateTime,ReservDateTime,NoOfPax,PgrID,EatyID)
VALUES (21010,'Confirmed','2022/11/11 16:00:00','2022/11/11 15:07:28',1,10009, 20005)

INSERT INTO Reservation (ReservID,ReservStatus,RequiredDateTime,ReservDateTime,NoOfPax,PgrID,EatyID)
VALUES (21011,'Confirmed','2022/11/12 12:30:00','2022/11/11 18:08:22',2,10011, 20009)

INSERT INTO Reservation (ReservID,ReservStatus,RequiredDateTime,ReservDateTime,NoOfPax,PgrID,EatyID)
VALUES (21012,'Confirmed','2022/11/13 13:15:00','2022/11/12 00:24:54',2,10008, 20008)

INSERT INTO Reservation (ReservID,ReservStatus,RequiredDateTime,ReservDateTime,NoOfPax,PgrID,EatyID)
VALUES (21013,'Confirmed','2022/11/13 15:00:00','2022/11/13 14:30:57',2,10005, 20006)

INSERT INTO Reservation (ReservID,ReservStatus,RequiredDateTime,ReservDateTime,NoOfPax,PgrID,EatyID)
VALUES (21014,'Confirmed','2022/11/12 11:30:00','2022/11/11 23:27:06',4,10006, 20007)

INSERT INTO Reservation (ReservID,ReservStatus,RequiredDateTime,ReservDateTime,NoOfPax,PgrID,EatyID)
VALUES (21015,'Confirmed','2022/11/14 13:00:00','2022/11/14 10:12:56',4,10015, 20008)


--categorised_in
INSERT INTO categorised_in (DishID,FcID)
VALUES (60001,30001)

INSERT INTO categorised_in (DishID,FcID)
VALUES (60002,30001)

INSERT INTO categorised_in (DishID,FcID)
VALUES (60003,30001)

INSERT INTO categorised_in (DishID,FcID)
VALUES (60004,30001)

INSERT INTO categorised_in (DishID,FcID)
VALUES (60005,30001)

INSERT INTO categorised_in (DishID,FcID)
VALUES (60006,30002)

INSERT INTO categorised_in (DishID,FcID)
VALUES (60007,30001)

INSERT INTO categorised_in (DishID,FcID)
VALUES (60008,30006)

INSERT INTO categorised_in (DishID,FcID)
VALUES (60009,30006)

INSERT INTO categorised_in (DishID,FcID)
VALUES (60010,30001)

INSERT INTO categorised_in (DishID,FcID)
VALUES (60011,30006)

INSERT INTO categorised_in (DishID,FcID)
VALUES (60012,30003)

INSERT INTO categorised_in (DishID,FcID)
VALUES (60013,30003)

INSERT INTO categorised_in (DishID,FcID)
VALUES (60014,30001)

INSERT INTO categorised_in (DishID,FcID)
VALUES (60015,30001)

INSERT INTO categorised_in (DishID,FcID)
VALUES (60016,30001)

INSERT INTO categorised_in (DishID,FcID)
VALUES (60017,30004)

INSERT INTO categorised_in (DishID,FcID)
VALUES (60018,30005)


--contain
INSERT INTO contain (DishID,IngredID)
VALUES (60001,50004)

INSERT INTO contain (DishID,IngredID)
VALUES (60001,50013)

INSERT INTO contain (DishID,IngredID)
VALUES (60001,50014)

INSERT INTO contain (DishID,IngredID)
VALUES (60001,50015)

INSERT INTO contain (DishID,IngredID)
VALUES (60001,50016)

INSERT INTO contain (DishID,IngredID)
VALUES (60002,50003)

INSERT INTO contain (DishID,IngredID)
VALUES (60002,50006)

INSERT INTO contain (DishID,IngredID)
VALUES (60002,50017)

INSERT INTO contain (DishID,IngredID)
VALUES (60002,50018)

INSERT INTO contain (DishID,IngredID)
VALUES (60003,50004)

INSERT INTO contain (DishID,IngredID)
VALUES (60003,50011)

INSERT INTO contain (DishID,IngredID)
VALUES (60003,50019)

INSERT INTO contain (DishID,IngredID)
VALUES (60003,50024)

INSERT INTO contain (DishID,IngredID)
VALUES (60004,50013)

INSERT INTO contain (DishID,IngredID)
VALUES (60004,50020)

INSERT INTO contain (DishID,IngredID)
VALUES (60005,50002)

INSERT INTO contain (DishID,IngredID)
VALUES (60005,50003)

INSERT INTO contain (DishID,IngredID)
VALUES (60005,50021)

INSERT INTO contain (DishID,IngredID)
VALUES (60006,50003)

INSERT INTO contain (DishID,IngredID)
VALUES (60006,50022)

INSERT INTO contain (DishID,IngredID)
VALUES (60006,50023)

INSERT INTO contain (DishID,IngredID)
VALUES (60007,50001)

INSERT INTO contain (DishID,IngredID)
VALUES (60007,50002)

INSERT INTO contain (DishID,IngredID)
VALUES (60007,50004)

INSERT INTO contain (DishID,IngredID)
VALUES (60007,50011)

INSERT INTO contain (DishID,IngredID)
VALUES (60007,50019)

INSERT INTO contain (DishID,IngredID)
VALUES (60007,50024)

INSERT INTO contain (DishID,IngredID)
VALUES (60008,50005)

INSERT INTO contain (DishID,IngredID)
VALUES (60008,50009)

INSERT INTO contain (DishID,IngredID)
VALUES (60009,50005)

INSERT INTO contain (DishID,IngredID)
VALUES (60009,50025)

INSERT INTO contain (DishID,IngredID)
VALUES (60010,50004)

INSERT INTO contain (DishID,IngredID)
VALUES (60010,50026)

INSERT INTO contain (DishID,IngredID)
VALUES (60011,50003)

INSERT INTO contain (DishID,IngredID)
VALUES (60011,50005)

INSERT INTO contain (DishID,IngredID)
VALUES (60012,50023)

INSERT INTO contain (DishID,IngredID)
VALUES (60012,50027)

INSERT INTO contain (DishID,IngredID)
VALUES (60013,50021)

INSERT INTO contain (DishID,IngredID)
VALUES (60013,50028)

INSERT INTO contain (DishID,IngredID)
VALUES (60013,50029)

INSERT INTO contain (DishID,IngredID)
VALUES (60014,50007)

INSERT INTO contain (DishID,IngredID)
VALUES (60014,50009)

INSERT INTO contain (DishID,IngredID)
VALUES (60015,50004)

INSERT INTO contain (DishID,IngredID)
VALUES (60015,50009)

INSERT INTO contain (DishID,IngredID)
VALUES (60016,50008)

INSERT INTO contain (DishID,IngredID)
VALUES (60016,50009)

INSERT INTO contain (DishID,IngredID)
VALUES (60017,50031)

INSERT INTO contain (DishID,IngredID)
VALUES (60018,50024)

INSERT INTO contain (DishID,IngredID)
VALUES (60018,50030)

